"Sample","SizeFactor"
"25L000343",1.14193721640392
"25L000344",0.907291246066972
"25L000345",1.10540313592068
"25L000346",1.13351728612958
"25L000347",0.919246113060682
"25L000348",0.902601913999467
