"Sample","SizeFactor"
"25L000331",2.25359032276708
"25L000332",0.0598416439384754
"25L000333",6.27150550662908
"25L000334",0.0240527623694957
"25L000335",7.51171740080979
"25L000336",6.85963107058852
