"Sample","SizeFactor"
"25L000337",2.04622611696729
"25L000338",1.78602145197743
"25L000340",1.21975540946693
"25L000341",0.124766513771413
"25L000342",1.89497570240154
