Condition,log10_mean,log10_std,mean,lower,upper,yerr_lower,yerr_upper,n_replicates
NTVE,0.2446543989689133,0.12762292743533618,1.7565252573825074,1.3092767974624029,2.356553622429319,0.44724845992010454,0.6000283650468117,3
HIV-gag WT,0.24994887676703414,0.220351838217669,1.7780700911419267,1.0705255539031937,2.95325341603135,0.707544537238733,1.1751833248894232,3
TRACE-seq,-2.0877059231520065,0.0467819089336179,0.008171354967180165,0.007336892703856354,0.009100724883786883,0.0008344622633238109,0.0009293699166067187,3
MMLV-gag WT,0.1375691645818482,0.42779415987268316,1.3726795528884959,0.5125957542959377,3.675896920968885,0.8600837985925581,2.3032173680803893,3
HIV-gag:MCP,-0.25838009607570056,0.574361402456814,0.5515944705205276,0.14698008745943453,2.070052244272843,0.40461438306109304,1.5184577737523153,3
