condition,dataset,roc_auc,pr_auc
IFNg,original,0.9526023219205035,0.8086497787599058
IFNg,downsampled,0.9522058823529411,0.9602746558903703
