"Sample","SizeFactor"
"25L000325",1.29260772299123
"25L000326",0.8012672185763
"25L000327",0.284343327178355
"25L000328",1.05757667672124
"25L000329",1.74995485192193
"25L000330",1.98229192344629
