"Gene","GeneName","baseMean","log2FoldChange","lfcSE","pvalue","padj"
"ENSMUSG00000014602","Kif1a",45.9412916484697,-0.220313379548998,1.05588608204829,2.82797803123879e-08,5.64652946904012e-06
"ENSMUSG00000031834","Pik3r2",31.2486579610688,0.231431088231845,1.05839272364866,7.6341082158091e-10,4.57283082126965e-07
"ENSMUSG00000041126","H2az2",55.9285289633545,-0.220522067857755,1.0560316146269,4.42727688416435e-09,1.32596942680722e-06
